"app_name","avg_lifespan","expected_revenue","marketing_costs","apple_price","play_price","apple_genre","play_genre","a_review_count","apple_content_rating","apple_purchase_price","play_purchase_price"
"PewDiePie's Tuber Simulator",11.0000000000000000,660000.0000000000000000,132000.0000000000000000,0.00,"0","Games","Casual","90851","9+",10000.00,10000.00
"ASOS",10.5000000000000000,630000.0000000000000000,126000.0000000000000000,0.00,"0","Shopping","Shopping","9725","4+",10000.00,10000.00
"Cytus",10.5000000000000000,630000.0000000000000000,126000.0000000000000000,1.99,"0","Games","Music","7925","4+",19900.00,10000.00
"Domino's Pizza USA",10.5000000000000000,630000.0000000000000000,126000.0000000000000000,0.00,"0","Food & Drink","Food & Drink","258624","4+",10000.00,10000.00
"Egg, Inc.",10.5000000000000000,630000.0000000000000000,126000.0000000000000000,0.00,"0","Games","Simulation","79074","4+",10000.00,10000.00
"Fernanfloo",10.5000000000000000,630000.0000000000000000,126000.0000000000000000,0.00,"0","Games","Arcade","2886","9+",10000.00,10000.00
"Geometry Dash Lite",10.5000000000000000,630000.0000000000000000,126000.0000000000000000,0.00,"0","Games","Arcade","370370","4+",10000.00,10000.00
"H*nest Meditation",10.5000000000000000,630000.0000000000000000,126000.0000000000000000,1.99,"1.99","Entertainment","Lifestyle","55","17+",19900.00,19900.00
"The EO Bar",10.5000000000000000,630000.0000000000000000,126000.0000000000000000,6.99,"6.99","Health & Fitness","Health & Fitness","247","4+",69900.00,69900.00
"The Guardian",10.5000000000000000,630000.0000000000000000,126000.0000000000000000,0.00,"0","News","News & Magazines","8176","12+",10000.00,10000.00
"Adobe Illustrator Draw",10.0000000000000000,600000.0000000000000000,120000.0000000000000000,0.00,"0","Productivity","Photography","3215","4+",10000.00,10000.00
"Afterlight",10.0000000000000000,600000.0000000000000000,120000.0000000000000000,0.99,"0","Photo & Video","Photography","14057","4+",10000.00,10000.00
"AJ Jump: Animal Jam Kangaroos!",10.0000000000000000,600000.0000000000000000,120000.0000000000000000,1.99,"1.99","Games","Arcade","834","4+",19900.00,19900.00
"Alizay, pirate girl",10.0000000000000000,600000.0000000000000000,120000.0000000000000000,2.99,"2.99","Book","Casual;Action & Adventure","14","4+",29900.00,29900.00
"Alto's Adventure",10.0000000000000000,600000.0000000000000000,120000.0000000000000000,4.99,"0","Games","Action","7824","9+",49900.00,10000.00
"Angry Birds Blast",10.0000000000000000,600000.0000000000000000,120000.0000000000000000,0.00,"0","Games","Puzzle","24878","4+",10000.00,10000.00
"Angry Birds Epic RPG",10.0000000000000000,600000.0000000000000000,120000.0000000000000000,0.00,"0","Games","Role Playing","84680","4+",10000.00,10000.00
"Angry Birds Rio",10.0000000000000000,600000.0000000000000000,120000.0000000000000000,0.00,"0","Games","Arcade","170843","4+",10000.00,10000.00
"Angry Birds Star Wars",10.0000000000000000,600000.0000000000000000,120000.0000000000000000,0.00,"0","Games","Arcade","34138","4+",10000.00,10000.00
"Animal Jam - Play Wild!",10.0000000000000000,600000.0000000000000000,120000.0000000000000000,0.00,"0","Games","Casual;Pretend Play","26990","9+",10000.00,10000.00
"Army of Heroes",10.0000000000000000,600000.0000000000000000,120000.0000000000000000,0.00,"0","Games","Strategy","1235","12+",10000.00,10000.00
"Asphalt 8: Airborne",10.0000000000000000,600000.0000000000000000,120000.0000000000000000,0.00,"0","Games","Racing","188568","12+",10000.00,10000.00
"Bad Piggies",10.0000000000000000,600000.0000000000000000,120000.0000000000000000,0.00,"0","Games","Puzzle","26259","4+",10000.00,10000.00
"Bad Piggies HD",10.0000000000000000,600000.0000000000000000,120000.0000000000000000,0.00,"0","Games","Puzzle","19018","4+",10000.00,10000.00
"Battleheart Legacy",10.0000000000000000,600000.0000000000000000,120000.0000000000000000,4.99,"4.99","Games","Role Playing","3376","12+",49900.00,49900.00
"Bejeweled Classic",10.0000000000000000,600000.0000000000000000,120000.0000000000000000,0.00,"0","Games","Casual","183259","4+",10000.00,10000.00
"Bible",10.0000000000000000,600000.0000000000000000,120000.0000000000000000,0.00,"0","Reference","Books & Reference","985920","4+",10000.00,10000.00
"Bloons TD 5",10.0000000000000000,600000.0000000000000000,120000.0000000000000000,2.99,"2.99","Games","Strategy","42078","9+",29900.00,29900.00
"Boom Beach",10.0000000000000000,600000.0000000000000000,120000.0000000000000000,0.00,"0","Games","Strategy","241929","9+",10000.00,10000.00
"Bullet Force",10.0000000000000000,600000.0000000000000000,120000.0000000000000000,0.00,"0","Games","Action","9289","17+",10000.00,10000.00
"Call of Duty®: Heroes",10.0000000000000000,600000.0000000000000000,120000.0000000000000000,0.00,"0","Games","Action","179416","12+",10000.00,10000.00
"Candy Crush Saga",10.0000000000000000,600000.0000000000000000,120000.0000000000000000,0.00,"0","Games","Casual","961794","4+",10000.00,10000.00
"Candy Crush Soda Saga",10.0000000000000000,600000.0000000000000000,120000.0000000000000000,0.00,"0","Games","Casual","133394","4+",10000.00,10000.00
"Chase Mobile",10.0000000000000000,600000.0000000000000000,120000.0000000000000000,0.00,"0","Finance","Finance","34322","4+",10000.00,10000.00
"Choices: Stories You Play",10.0000000000000000,600000.0000000000000000,120000.0000000000000000,0.00,"0","Games","Simulation","33698","12+",10000.00,10000.00
"Clash of Clans",10.0000000000000000,600000.0000000000000000,120000.0000000000000000,0.00,"0","Games","Strategy","2130805","9+",10000.00,10000.00
"Clash Royale",10.0000000000000000,600000.0000000000000000,120000.0000000000000000,0.00,"0","Games","Strategy","266921","9+",10000.00,10000.00
"ClassDojo",10.0000000000000000,600000.0000000000000000,120000.0000000000000000,0.00,"0","Education","Education;Education","35440","4+",10000.00,10000.00
"Cooking Fever",10.0000000000000000,600000.0000000000000000,120000.0000000000000000,0.00,"0","Games","Arcade","107797","4+",10000.00,10000.00
"Design Home",10.0000000000000000,600000.0000000000000000,120000.0000000000000000,0.00,"0","Games","Simulation","23298","4+",10000.00,10000.00
"Discord - Chat for Gamers",10.0000000000000000,600000.0000000000000000,120000.0000000000000000,0.00,"0","Social Networking","Communication","9152","4+",10000.00,10000.00
"Disney Crossy Road",10.0000000000000000,600000.0000000000000000,120000.0000000000000000,0.00,"0","Games","Arcade;Action & Adventure","38571","4+",10000.00,10000.00
"Doodle Jump",10.0000000000000000,600000.0000000000000000,120000.0000000000000000,0.99,"0","Games","Arcade","395261","4+",10000.00,10000.00
"DoorDash - Food Delivery",10.0000000000000000,600000.0000000000000000,120000.0000000000000000,0.00,"0","Food & Drink","Food & Drink","25947","4+",10000.00,10000.00
"Dr. Panda & Toto's Treehouse",10.0000000000000000,600000.0000000000000000,120000.0000000000000000,3.99,"3.99","Entertainment","Casual;Pretend Play","455","4+",39900.00,39900.00
"Dragon Hills",10.0000000000000000,600000.0000000000000000,120000.0000000000000000,1.99,"0","Games","Action","5508","9+",19900.00,10000.00
"Dude Perfect",10.0000000000000000,600000.0000000000000000,120000.0000000000000000,0.99,"0","Games","Sports","9763","4+",10000.00,10000.00
"Dude Perfect 2",10.0000000000000000,600000.0000000000000000,120000.0000000000000000,0.00,"0","Games","Action","28361","4+",10000.00,10000.00
"Earn to Die 2",10.0000000000000000,600000.0000000000000000,120000.0000000000000000,1.99,"0","Games","Racing","3072","12+",19900.00,10000.00
"Episode - Choose Your Story",10.0000000000000000,600000.0000000000000000,120000.0000000000000000,0.00,"0","Games","Simulation","155903","12+",10000.00,10000.00
"F-Sim Space Shuttle",10.0000000000000000,600000.0000000000000000,120000.0000000000000000,4.99,"4.99","Games","Simulation","6403","4+",49900.00,49900.00
"Fallout Shelter",10.0000000000000000,600000.0000000000000000,120000.0000000000000000,0.00,"0","Games","Simulation","199396","12+",10000.00,10000.00
"Farm Heroes Saga",10.0000000000000000,600000.0000000000000000,120000.0000000000000000,0.00,"0","Games","Casual","187579","4+",10000.00,10000.00
"FINAL FANTASY BRAVE EXVIUS",10.0000000000000000,600000.0000000000000000,120000.0000000000000000,0.00,"0","Games","Role Playing","28187","12+",10000.00,10000.00
"FINAL FANTASY V",10.0000000000000000,600000.0000000000000000,120000.0000000000000000,14.99,"7.99","Games","Role Playing","1808","9+",149900.00,79900.00
"Fishdom",10.0000000000000000,600000.0000000000000000,120000.0000000000000000,0.00,"0","Games","Puzzle","39217","4+",10000.00,10000.00
"Five Nights at Freddy's",10.0000000000000000,600000.0000000000000000,120000.0000000000000000,2.99,"2.99","Games","Action","27388","12+",29900.00,29900.00
"Five Nights at Freddy's 2",10.0000000000000000,600000.0000000000000000,120000.0000000000000000,2.99,"2.99","Games","Strategy","18107","12+",29900.00,29900.00
"Five Nights at Freddy's 3",10.0000000000000000,600000.0000000000000000,120000.0000000000000000,2.99,"2.99","Games","Action","9876","12+",29900.00,29900.00
"Flow Free",10.0000000000000000,600000.0000000000000000,120000.0000000000000000,0.00,"0","Games","Puzzle","373857","4+",10000.00,10000.00
"Frozen Free Fall",10.0000000000000000,600000.0000000000000000,120000.0000000000000000,0.00,"0","Games","Puzzle;Action & Adventure","50593","4+",10000.00,10000.00
"Fruit Ninja Classic",10.0000000000000000,600000.0000000000000000,120000.0000000000000000,1.99,"0.99","Games","Arcade","698516","4+",19900.00,10000.00
"Fruit Ninja®",10.0000000000000000,600000.0000000000000000,120000.0000000000000000,0.00,"0","Games","Arcade","327025","4+",10000.00,10000.00
"Fuel Rewards® program",10.0000000000000000,600000.0000000000000000,120000.0000000000000000,0.00,"0","Shopping","Lifestyle","2249","4+",10000.00,10000.00
"Gear.Club - True Racing",10.0000000000000000,600000.0000000000000000,120000.0000000000000000,0.00,"0","Games","Racing","2793","4+",10000.00,10000.00
"Geometry Dash Meltdown",10.0000000000000000,600000.0000000000000000,120000.0000000000000000,0.00,"0","Games","Arcade","117470","4+",10000.00,10000.00
"Geometry Dash World",10.0000000000000000,600000.0000000000000000,120000.0000000000000000,0.00,"0","Games","Arcade","5114","4+",10000.00,10000.00
"GMX Mail",10.0000000000000000,600000.0000000000000000,120000.0000000000000000,0.00,"0","Productivity","Communication","102","4+",10000.00,10000.00
"Google Docs",10.0000000000000000,600000.0000000000000000,120000.0000000000000000,0.00,"0","Productivity","Productivity","64259","4+",10000.00,10000.00
"Google Sheets",10.0000000000000000,600000.0000000000000000,120000.0000000000000000,0.00,"0","Productivity","Productivity","24602","4+",10000.00,10000.00
"GroupMe",10.0000000000000000,600000.0000000000000000,120000.0000000000000000,0.00,"0","Social Networking","Communication","28260","4+",10000.00,10000.00
"Hay Day",10.0000000000000000,600000.0000000000000000,120000.0000000000000000,0.00,"0","Games","Casual","567344","4+",10000.00,10000.00
"Hill Climb Racing",10.0000000000000000,600000.0000000000000000,120000.0000000000000000,0.00,"0","Games","Racing","108183","9+",10000.00,10000.00
"Hill Climb Racing 2",10.0000000000000000,600000.0000000000000000,120000.0000000000000000,0.00,"0","Games","Racing","33854","9+",10000.00,10000.00
"Hitman GO",10.0000000000000000,600000.0000000000000000,120000.0000000000000000,4.99,"0.99","Games","Puzzle","8673","9+",49900.00,10000.00
"Hitman Sniper",10.0000000000000000,600000.0000000000000000,120000.0000000000000000,0.99,"0.99","Games","Action","8452","17+",10000.00,10000.00
"Hot Wheels: Race Off",10.0000000000000000,600000.0000000000000000,120000.0000000000000000,0.00,"0","Games","Racing;Action & Adventure","3141","4+",10000.00,10000.00
"Hungry Shark Evolution",10.0000000000000000,600000.0000000000000000,120000.0000000000000000,0.00,"0","Games","Arcade","83784","12+",10000.00,10000.00
"Hungry Shark World",10.0000000000000000,600000.0000000000000000,120000.0000000000000000,0.00,"0","Games","Action","24057","12+",10000.00,10000.00
"Injustice: Gods Among Us",10.0000000000000000,600000.0000000000000000,120000.0000000000000000,0.00,"0","Games","Action","612532","12+",10000.00,10000.00
"Inside Out Thought Bubbles",10.0000000000000000,600000.0000000000000000,120000.0000000000000000,0.00,"0","Games","Puzzle;Brain Games","21881","4+",10000.00,10000.00
"Instagram",10.0000000000000000,600000.0000000000000000,120000.0000000000000000,0.00,"0","Photo & Video","Social","2161558","12+",10000.00,10000.00
"Jetpack Joyride",10.0000000000000000,600000.0000000000000000,120000.0000000000000000,0.00,"0","Games","Arcade","405647","9+",10000.00,10000.00
"MARVEL Contest of Champions",10.0000000000000000,600000.0000000000000000,120000.0000000000000000,0.00,"0","Games","Action","233599","12+",10000.00,10000.00
"MARVEL Future Fight",10.0000000000000000,600000.0000000000000000,120000.0000000000000000,0.00,"0","Games","Role Playing","20906","9+",10000.00,10000.00
"Microsoft Excel",10.0000000000000000,600000.0000000000000000,120000.0000000000000000,0.00,"0","Productivity","Productivity","24430","4+",10000.00,10000.00
"Microsoft OneNote",10.0000000000000000,600000.0000000000000000,120000.0000000000000000,0.00,"0","Productivity","Productivity","39638","4+",10000.00,10000.00
"Microsoft Word",10.0000000000000000,600000.0000000000000000,120000.0000000000000000,0.00,"0","Productivity","Productivity","47999","4+",10000.00,10000.00
"MORTAL KOMBAT X",10.0000000000000000,600000.0000000000000000,120000.0000000000000000,0.00,"0","Games","Action","114475","17+",10000.00,10000.00
"My Horse",10.0000000000000000,600000.0000000000000000,120000.0000000000000000,0.00,"0","Games","Casual","293857","4+",10000.00,10000.00
"My Movies Pro - Movie & TV Collection Library",10.0000000000000000,600000.0000000000000000,120000.0000000000000000,7.99,"7.99","Catalogs","Lifestyle","1309","12+",79900.00,79900.00
"My Talking Angela",10.0000000000000000,600000.0000000000000000,120000.0000000000000000,0.00,"0","Games","Casual","54549","4+",10000.00,10000.00
"My Talking Pet",10.0000000000000000,600000.0000000000000000,120000.0000000000000000,1.99,"4.99","Entertainment","Entertainment","9035","4+",19900.00,49900.00
"My Talking Tom",10.0000000000000000,600000.0000000000000000,120000.0000000000000000,0.00,"0","Games","Casual","123859","4+",10000.00,10000.00
"Narcos: Cartel Wars",10.0000000000000000,600000.0000000000000000,120000.0000000000000000,0.00,"0","Games","Strategy","4490","12+",10000.00,10000.00
"Need for Speed™ No Limits",10.0000000000000000,600000.0000000000000000,120000.0000000000000000,0.00,"0","Games","Racing","34998","4+",10000.00,10000.00
"Nyan Cat: Lost In Space",10.0000000000000000,600000.0000000000000000,120000.0000000000000000,0.00,"0","Games","Arcade","76392","4+",10000.00,10000.00
"OK K.O.! Lakewood Plaza Turbo",10.0000000000000000,600000.0000000000000000,120000.0000000000000000,0.00,"0","Games","Action;Action & Adventure","430","9+",10000.00,10000.00
"PAC-MAN Pop",10.0000000000000000,600000.0000000000000000,120000.0000000000000000,0.00,"0","Games","Puzzle;Action & Adventure","1000","4+",10000.00,10000.00
"PES CLUB MANAGER",10.0000000000000000,600000.0000000000000000,120000.0000000000000000,0.00,"0","Games","Sports","3216","4+",10000.00,10000.00
"Photo Editor-",10.0000000000000000,600000.0000000000000000,120000.0000000000000000,0.00,"0","Photo & Video","Photography","9095","4+",10000.00,10000.00
"Photo Editor by Aviary",10.0000000000000000,600000.0000000000000000,120000.0000000000000000,0.00,"0","Photo & Video","Photography","39501","12+",10000.00,10000.00
"PicsArt Photo Studio: Collage Maker & Pic Editor",10.0000000000000000,600000.0000000000000000,120000.0000000000000000,0.00,"0","Photo & Video","Photography","29078","12+",10000.00,10000.00
"Pineapple Pen",10.0000000000000000,600000.0000000000000000,120000.0000000000000000,0.00,"0","Games","Arcade","6430","4+",10000.00,10000.00
"Pinterest",10.0000000000000000,600000.0000000000000000,120000.0000000000000000,0.00,"0","Social Networking","Social","1061624","12+",10000.00,10000.00
"Plants vs. Zombies™ 2",10.0000000000000000,600000.0000000000000000,120000.0000000000000000,0.00,"0","Games","Casual","267394","9+",10000.00,10000.00
"Plants vs. Zombies™ Heroes",10.0000000000000000,600000.0000000000000000,120000.0000000000000000,0.00,"0","Games","Casual;Action & Adventure","16305","9+",10000.00,10000.00
"Pocket Yoga",10.0000000000000000,600000.0000000000000000,120000.0000000000000000,2.99,"2.99","Health & Fitness","Health & Fitness","4475","4+",29900.00,29900.00
"Pou",10.0000000000000000,600000.0000000000000000,120000.0000000000000000,0.00,"0","Games","Casual","3783","4+",10000.00,10000.00
"Real Basketball",10.0000000000000000,600000.0000000000000000,120000.0000000000000000,0.00,"0","Games","Sports","198050","4+",10000.00,10000.00
"Real Racing 3",10.0000000000000000,600000.0000000000000000,120000.0000000000000000,0.00,"0","Games","Racing;Action & Adventure","164483","4+",10000.00,10000.00
"Red Ball 4",10.0000000000000000,600000.0000000000000000,120000.0000000000000000,0.99,"0","Games","Arcade","9818","4+",10000.00,10000.00
"Regal Cinemas",10.0000000000000000,600000.0000000000000000,120000.0000000000000000,0.00,"0","Entertainment","Entertainment","13257","4+",10000.00,10000.00
"Retro City Rampage DX",10.0000000000000000,600000.0000000000000000,120000.0000000000000000,4.99,"2.99","Games","Action","68","12+",49900.00,29900.00
"Riptide GP: Renegade",10.0000000000000000,600000.0000000000000000,120000.0000000000000000,2.99,"2.99","Games","Racing","412","9+",29900.00,29900.00
"ROBLOX",10.0000000000000000,600000.0000000000000000,120000.0000000000000000,0.00,"0","Games","Adventure;Action & Adventure","183621","12+",10000.00,10000.00
"Rolling Sky",10.0000000000000000,600000.0000000000000000,120000.0000000000000000,0.00,"0","Games","Board","30670","4+",10000.00,10000.00
"Score! Hero",10.0000000000000000,600000.0000000000000000,120000.0000000000000000,0.00,"0","Games","Sports","85395","4+",10000.00,10000.00
"Seven - 7 Minute Workout Training Challenge",10.0000000000000000,600000.0000000000000000,120000.0000000000000000,0.00,"0","Health & Fitness","Health & Fitness","6808","4+",10000.00,10000.00
"Shadow Fight 2",10.0000000000000000,600000.0000000000000000,120000.0000000000000000,0.00,"0","Games","Action","99206","12+",10000.00,10000.00
"SimCity BuildIt",10.0000000000000000,600000.0000000000000000,120000.0000000000000000,0.00,"0","Games","Simulation","198338","4+",10000.00,10000.00
"Smash Hit",10.0000000000000000,600000.0000000000000000,120000.0000000000000000,0.00,"0","Games","Arcade","126233","4+",10000.00,10000.00
"Smashy Road: Arena",10.0000000000000000,600000.0000000000000000,120000.0000000000000000,0.00,"0","Games","Action","3207","9+",10000.00,10000.00
"Solitaire",10.0000000000000000,600000.0000000000000000,120000.0000000000000000,0.00,"0","Games","Card","679055","4+",10000.00,10000.00
"Solitaire",10.0000000000000000,600000.0000000000000000,120000.0000000000000000,0.00,"0","Games","Card;Brain Games","679055","4+",10000.00,10000.00
"Sonic Dash",10.0000000000000000,600000.0000000000000000,120000.0000000000000000,0.00,"0","Games","Arcade","418033","4+",10000.00,10000.00
"Star Chart",10.0000000000000000,600000.0000000000000000,120000.0000000000000000,0.00,"0","Education","Education;Education","13482","4+",10000.00,10000.00
"Star Wars™: Galaxy of Heroes",10.0000000000000000,600000.0000000000000000,120000.0000000000000000,0.00,"0","Games","Role Playing","122260","9+",10000.00,10000.00
"Starbucks",10.0000000000000000,600000.0000000000000000,120000.0000000000000000,0.00,"0","Food & Drink","Food & Drink","303856","4+",10000.00,10000.00
"Subway Surfers",10.0000000000000000,600000.0000000000000000,120000.0000000000000000,0.00,"0","Games","Arcade","706110","9+",10000.00,10000.00
"Summoners War",10.0000000000000000,600000.0000000000000000,120000.0000000000000000,0.00,"0","Games","Role Playing","137122","12+",10000.00,10000.00
"Super Jabber Jump",10.0000000000000000,600000.0000000000000000,120000.0000000000000000,0.00,"0","Games","Arcade","612","4+",10000.00,10000.00
"Swamp Attack",10.0000000000000000,600000.0000000000000000,120000.0000000000000000,0.00,"0","Games","Action","16968","17+",10000.00,10000.00
"Talking Tom Bubble Shooter",10.0000000000000000,600000.0000000000000000,120000.0000000000000000,0.00,"0","Games","Casual","2659","4+",10000.00,10000.00
"Temple Run",10.0000000000000000,600000.0000000000000000,120000.0000000000000000,0.00,"0","Games","Arcade","1724546","9+",10000.00,10000.00
"Temple Run 2",10.0000000000000000,600000.0000000000000000,120000.0000000000000000,0.00,"0","Games","Action","295211","9+",10000.00,10000.00
"The CW",10.0000000000000000,600000.0000000000000000,120000.0000000000000000,0.00,"0","Entertainment","Entertainment","97368","12+",10000.00,10000.00
"The Game of Life",10.0000000000000000,600000.0000000000000000,120000.0000000000000000,2.99,"2.99","Games","Board","2298","4+",29900.00,29900.00
"The Sims™ FreePlay",10.0000000000000000,600000.0000000000000000,120000.0000000000000000,0.00,"0","Games","Simulation","446880","12+",10000.00,10000.00
"The Washington Post Classic",10.0000000000000000,600000.0000000000000000,120000.0000000000000000,0.00,"0","News","News & Magazines","18572","12+",10000.00,10000.00
"Threema",10.0000000000000000,600000.0000000000000000,120000.0000000000000000,2.99,"2.99","Social Networking","Communication","196","4+",29900.00,29900.00
"Toca Kitchen 2",10.0000000000000000,600000.0000000000000000,120000.0000000000000000,2.99,"0","Education","Educational;Pretend Play","1858","4+",29900.00,10000.00
"Toca Life: City",10.0000000000000000,600000.0000000000000000,120000.0000000000000000,2.99,"3.99","Education","Education;Pretend Play","3571","4+",29900.00,39900.00
"Township",10.0000000000000000,600000.0000000000000000,120000.0000000000000000,0.00,"0","Games","Casual","80801","4+",10000.00,10000.00
"Toy Blast",10.0000000000000000,600000.0000000000000000,120000.0000000000000000,0.00,"0","Games","Puzzle","75822","4+",10000.00,10000.00
"Traffic Racer",10.0000000000000000,600000.0000000000000000,120000.0000000000000000,0.00,"0","Games","Racing","22458","4+",10000.00,10000.00
"Trello",10.0000000000000000,600000.0000000000000000,120000.0000000000000000,0.00,"0","Productivity","Productivity","2793","4+",10000.00,10000.00
"Trivia Crack",10.0000000000000000,600000.0000000000000000,120000.0000000000000000,0.00,"0","Games","Trivia","393469","4+",10000.00,10000.00
"Tsuro - The Game of the Path",10.0000000000000000,600000.0000000000000000,120000.0000000000000000,2.99,"2.99","Games","Board;Brain Games","539","4+",29900.00,29900.00
"Verizon Cloud",10.0000000000000000,600000.0000000000000000,120000.0000000000000000,0.00,"0","Productivity","Productivity","6482","4+",10000.00,10000.00
"Vikings: an Archer's Journey",10.0000000000000000,600000.0000000000000000,120000.0000000000000000,2.99,"0","Games","Action","94","9+",29900.00,10000.00
"War Robots",10.0000000000000000,600000.0000000000000000,120000.0000000000000000,0.00,"0","Games","Action","97122","12+",10000.00,10000.00
"WGT Golf Game by Topgolf",10.0000000000000000,600000.0000000000000000,120000.0000000000000000,0.00,"0","Games","Sports","53285","17+",10000.00,10000.00
"WhatsApp Messenger",10.0000000000000000,600000.0000000000000000,120000.0000000000000000,0.00,"0","Social Networking","Communication","287589","4+",10000.00,10000.00
"Where's My Water?",10.0000000000000000,600000.0000000000000000,120000.0000000000000000,1.99,"1.99","Games","Puzzle;Brain Games","131656","4+",19900.00,19900.00
"Wish - Shopping Made Fun",10.0000000000000000,600000.0000000000000000,120000.0000000000000000,0.00,"0","Shopping","Shopping","141960","12+",10000.00,10000.00
"Wishbone - Compare Anything",10.0000000000000000,600000.0000000000000000,120000.0000000000000000,0.00,"0","Social Networking","Social","20649","12+",10000.00,10000.00
"Xbox",10.0000000000000000,600000.0000000000000000,120000.0000000000000000,0.00,"0","Entertainment","Entertainment","72187","12+",10000.00,10000.00
"Yahoo Weather",10.0000000000000000,600000.0000000000000000,120000.0000000000000000,0.00,"0","Weather","Weather","112603","4+",10000.00,10000.00
"YouTube Kids",10.0000000000000000,600000.0000000000000000,120000.0000000000000000,0.00,"0","Entertainment","Entertainment;Music & Video","28560","4+",10000.00,10000.00
"Zombie Catchers",10.0000000000000000,600000.0000000000000000,120000.0000000000000000,0.00,"0","Games","Action","16805","12+",10000.00,10000.00
"Zombie Tsunami",10.0000000000000000,600000.0000000000000000,120000.0000000000000000,0.00,"0","Games","Arcade","31311","4+",10000.00,10000.00
"aa",9.5000000000000000,570000.0000000000000000,114000.0000000000000000,0.00,"0","Games","Strategy","158845","4+",10000.00,10000.00
"ADP Mobile Solutions",9.5000000000000000,570000.0000000000000000,114000.0000000000000000,0.00,"0","Business","Business","8324","4+",10000.00,10000.00
"Agar.io",9.5000000000000000,570000.0000000000000000,114000.0000000000000000,0.00,"0","Games","Action","176514","9+",10000.00,10000.00
"Airbnb",9.5000000000000000,570000.0000000000000000,114000.0000000000000000,0.00,"0","Travel","Travel & Local","22302","4+",10000.00,10000.00
"Amex Mobile",9.5000000000000000,570000.0000000000000000,114000.0000000000000000,0.00,"0","Finance","Finance","11421","4+",10000.00,10000.00
"Angry Birds 2",9.5000000000000000,570000.0000000000000000,114000.0000000000000000,0.00,"0","Games","Casual","109104","4+",10000.00,10000.00
"Angry Birds Space HD",9.5000000000000000,570000.0000000000000000,114000.0000000000000000,0.00,"0","Games","Arcade","39502","4+",10000.00,10000.00
"Baldur's Gate: Enhanced Edition",9.5000000000000000,570000.0000000000000000,114000.0000000000000000,9.99,"9.99","Games","Role Playing","1454","12+",99900.00,99900.00
"Best Buy",9.5000000000000000,570000.0000000000000000,114000.0000000000000000,0.00,"0","Shopping","Shopping","80424","4+",10000.00,10000.00
"Bike Unchained",9.5000000000000000,570000.0000000000000000,114000.0000000000000000,0.00,"0","Games","Sports","629","4+",10000.00,10000.00
"Can Knockdown 3",9.5000000000000000,570000.0000000000000000,114000.0000000000000000,1.99,"0","Games","Arcade","1135","4+",19900.00,10000.00
"Candy Crush Jelly Saga",9.5000000000000000,570000.0000000000000000,114000.0000000000000000,0.00,"0","Games","Puzzle","32395","4+",10000.00,10000.00
"Crazy Freekick",9.5000000000000000,570000.0000000000000000,114000.0000000000000000,0.00,"0","Games","Sports","228","4+",10000.00,10000.00
"Deck Heroes: Legacy",9.5000000000000000,570000.0000000000000000,114000.0000000000000000,0.00,"0","Games","Card","494","17+",10000.00,10000.00
"Don't Starve: Pocket Edition",9.5000000000000000,570000.0000000000000000,114000.0000000000000000,4.99,"4.99","Games","Adventure","3742","9+",49900.00,49900.00
"Dr. Panda Hospital",9.5000000000000000,570000.0000000000000000,114000.0000000000000000,2.99,"2.99","Education","Education;Pretend Play","372","4+",29900.00,29900.00
"DRAGON QUEST",9.5000000000000000,570000.0000000000000000,114000.0000000000000000,2.99,"2.99","Games","Role Playing","419","9+",29900.00,29900.00
"Dubsmash",9.5000000000000000,570000.0000000000000000,114000.0000000000000000,0.00,"0","Entertainment","Video Players & Editors","20243","12+",10000.00,10000.00
"Endless Ducker",9.5000000000000000,570000.0000000000000000,114000.0000000000000000,0.00,"0","Games","Arcade","639","4+",10000.00,10000.00
"Fandango Movies - Times + Tickets",9.5000000000000000,570000.0000000000000000,114000.0000000000000000,0.00,"0","Entertainment","Entertainment","291787","4+",10000.00,10000.00
"Farming Simulator 14",9.5000000000000000,570000.0000000000000000,114000.0000000000000000,0.00,"0","Games","Simulation;Action & Adventure","3615","4+",10000.00,10000.00
"Farming Simulator 16",9.5000000000000000,570000.0000000000000000,114000.0000000000000000,4.99,"2.99","Games","Simulation;Education","2637","4+",49900.00,29900.00
"Firefox Focus: The privacy browser",9.5000000000000000,570000.0000000000000000,114000.0000000000000000,0.00,"0","Utilities","Communication","477","17+",10000.00,10000.00
"Grand Theft Auto: San Andreas",9.5000000000000000,570000.0000000000000000,114000.0000000000000000,6.99,"6.99","Games","Action","32533","17+",69900.00,69900.00
"Indeed Job Search",9.5000000000000000,570000.0000000000000000,114000.0000000000000000,0.00,"0","Business","Business","38681","4+",10000.00,10000.00
"Kik",9.5000000000000000,570000.0000000000000000,114000.0000000000000000,0.00,"0","Social Networking","Communication","260965","12+",10000.00,10000.00
"LEGO® Friends",9.5000000000000000,570000.0000000000000000,114000.0000000000000000,4.99,"4.99","Games","Casual;Pretend Play","400","4+",49900.00,49900.00
"Mad Skills Motocross",9.5000000000000000,570000.0000000000000000,114000.0000000000000000,0.99,"0","Games","Racing","9341","12+",10000.00,10000.00
"Microsoft PowerPoint",9.5000000000000000,570000.0000000000000000,114000.0000000000000000,0.00,"0","Productivity","Productivity","10939","4+",10000.00,10000.00
"Muscle Premium - Human Anatomy, Kinesiology, Bones",9.5000000000000000,570000.0000000000000000,114000.0000000000000000,19.99,"24.99","Medical","Medical","406","12+",199900.00,249900.00
"My Emma :)",9.5000000000000000,570000.0000000000000000,114000.0000000000000000,0.00,"0","Games","Casual","8412","4+",10000.00,10000.00
"NBA JAM by EA SPORTS™",9.5000000000000000,570000.0000000000000000,114000.0000000000000000,4.99,"4.99","Games","Sports;Action & Adventure","21648","4+",49900.00,49900.00
"NBA LIVE Mobile Basketball",9.5000000000000000,570000.0000000000000000,114000.0000000000000000,0.00,"0","Games","Sports","40619","4+",10000.00,10000.00
"Out There Chronicles - Ep. 1",9.5000000000000000,570000.0000000000000000,114000.0000000000000000,1.99,"2.99","Games","Role Playing","87","12+",19900.00,29900.00
"Paprika Recipe Manager",9.5000000000000000,570000.0000000000000000,114000.0000000000000000,4.99,"4.99","Food & Drink","Food & Drink","1755","17+",49900.00,49900.00
"Please, Don't Touch Anything",9.5000000000000000,570000.0000000000000000,114000.0000000000000000,4.99,"4.99","Games","Puzzle","379","9+",49900.00,49900.00
"Puffin Web Browser",9.5000000000000000,570000.0000000000000000,114000.0000000000000000,0.00,"0","Utilities","Communication","11677","17+",10000.00,10000.00
"RollerCoaster Tycoon® Classic",9.5000000000000000,570000.0000000000000000,114000.0000000000000000,5.99,"5.99","Games","Simulation","1794","4+",59900.00,59900.00
"Sago Mini Babies",9.5000000000000000,570000.0000000000000000,114000.0000000000000000,2.99,"3.99","Education","Education;Pretend Play","70","4+",29900.00,39900.00
"Shopkins World!",9.5000000000000000,570000.0000000000000000,114000.0000000000000000,0.00,"0","Games","Arcade;Action & Adventure","3047","4+",10000.00,10000.00
"Snapseed",9.5000000000000000,570000.0000000000000000,114000.0000000000000000,0.00,"0","Photo & Video","Photography","8683","4+",10000.00,10000.00
"SONIC Drive-In",9.5000000000000000,570000.0000000000000000,114000.0000000000000000,0.00,"0","Food & Drink","Food & Drink","1645","4+",10000.00,10000.00
"sugar, sugar",9.5000000000000000,570000.0000000000000000,114000.0000000000000000,0.99,"1.20","Games","Puzzle","139","4+",10000.00,12000.00
"T-Mobile",9.5000000000000000,570000.0000000000000000,114000.0000000000000000,0.00,"0","Productivity","Tools","19977","4+",10000.00,10000.00
"Talking Ginger 2",9.5000000000000000,570000.0000000000000000,114000.0000000000000000,0.00,"0","Entertainment","Entertainment","8311","4+",10000.00,10000.00
"The Simpsons™: Tapped Out",9.5000000000000000,570000.0000000000000000,114000.0000000000000000,0.00,"0","Games","Casual","274501","12+",10000.00,10000.00
"Tiny Archers",9.5000000000000000,570000.0000000000000000,114000.0000000000000000,0.00,"0","Games","Action","568","12+",10000.00,10000.00
"Toca Builders",9.5000000000000000,570000.0000000000000000,114000.0000000000000000,2.99,"3.99","Education","Education;Creativity","5102","4+",29900.00,39900.00
"Tomb of the Mask",9.5000000000000000,570000.0000000000000000,114000.0000000000000000,0.00,"0","Games","Action","8054","9+",10000.00,10000.00
"True Skate",9.5000000000000000,570000.0000000000000000,114000.0000000000000000,1.99,"1.99","Games","Sports","11065","4+",19900.00,19900.00
"Tumblr",9.5000000000000000,570000.0000000000000000,114000.0000000000000000,0.00,"0","Social Networking","Social","334293","17+",10000.00,10000.00
"USAA Mobile",9.5000000000000000,570000.0000000000000000,114000.0000000000000000,0.00,"0","Finance","Finance","19946","4+",10000.00,10000.00
"WEB.DE Mail",9.5000000000000000,570000.0000000000000000,114000.0000000000000000,0.00,"0","Productivity","Communication","168","4+",10000.00,10000.00
"WeChat",9.5000000000000000,570000.0000000000000000,114000.0000000000000000,0.00,"0","Social Networking","Communication","34584","12+",10000.00,10000.00
"WWE",9.5000000000000000,570000.0000000000000000,114000.0000000000000000,0.00,"0","Entertainment","Entertainment","7553","12+",10000.00,10000.00
"Allrecipes Dinner Spinner",9.0000000000000000,540000.0000000000000000,108000.0000000000000000,0.00,"0","Food & Drink","Food & Drink","109349","12+",10000.00,10000.00
"Amazon Prime Video",9.0000000000000000,540000.0000000000000000,108000.0000000000000000,0.00,"0","Entertainment","Entertainment","43667","12+",10000.00,10000.00
"Angry Birds Friends",9.0000000000000000,540000.0000000000000000,108000.0000000000000000,0.00,"0","Games","Arcade","23655","4+",10000.00,10000.00
"Angry Birds Go!",9.0000000000000000,540000.0000000000000000,108000.0000000000000000,0.00,"0","Games","Racing","75793","4+",10000.00,10000.00
"Ao Oni2",9.0000000000000000,540000.0000000000000000,108000.0000000000000000,0.00,"0","Games","Adventure","7","12+",10000.00,10000.00
"Bejeweled Blitz",9.0000000000000000,540000.0000000000000000,108000.0000000000000000,0.00,"0","Games","Puzzle","221002","4+",10000.00,10000.00
"Boomerang from Instagram",9.0000000000000000,540000.0000000000000000,108000.0000000000000000,0.00,"0","Photo & Video","Photography","2373","4+",10000.00,10000.00
"Cartoon Wars 3",9.0000000000000000,540000.0000000000000000,108000.0000000000000000,0.00,"0","Games","Role Playing","979","12+",10000.00,10000.00
"Chick-fil-A",9.0000000000000000,540000.0000000000000000,108000.0000000000000000,0.00,"0","Food & Drink","Food & Drink","5665","4+",10000.00,10000.00
"diep.io",9.0000000000000000,540000.0000000000000000,108000.0000000000000000,0.00,"0","Games","Action","9397","9+",10000.00,10000.00
"Does not Commute",9.0000000000000000,540000.0000000000000000,108000.0000000000000000,0.00,"0","Games","Racing","5645","4+",10000.00,10000.00
"Dr. Panda Farm",9.0000000000000000,540000.0000000000000000,108000.0000000000000000,2.99,"2.99","Education","Education;Pretend Play","28","4+",29900.00,29900.00
"Dr. Panda Supermarket",9.0000000000000000,540000.0000000000000000,108000.0000000000000000,2.99,"2.99","Education","Educational;Pretend Play","342","4+",29900.00,29900.00
"DRAGON BALL Z DOKKAN BATTLE",9.0000000000000000,540000.0000000000000000,108000.0000000000000000,0.00,"0","Games","Action","5362","9+",10000.00,10000.00
"Driving Zone",9.0000000000000000,540000.0000000000000000,108000.0000000000000000,0.00,"0","Games","Racing","298","4+",10000.00,10000.00
"Dropbox",9.0000000000000000,540000.0000000000000000,108000.0000000000000000,0.00,"0","Productivity","Productivity","49578","4+",10000.00,10000.00
"Dumb Ways to Die 2: The Games",9.0000000000000000,540000.0000000000000000,108000.0000000000000000,0.00,"0","Games","Casual","11295","12+",10000.00,10000.00
"Fitbit",9.0000000000000000,540000.0000000000000000,108000.0000000000000000,0.00,"0","Health & Fitness","Health & Fitness","90496","4+",10000.00,10000.00
"Get 'Em",9.0000000000000000,540000.0000000000000000,108000.0000000000000000,0.99,"0","Games","Action","40","9+",10000.00,10000.00
"Google Classroom",9.0000000000000000,540000.0000000000000000,108000.0000000000000000,0.00,"0","Education","Education","5942","4+",10000.00,10000.00
"Google Earth",9.0000000000000000,540000.0000000000000000,108000.0000000000000000,0.00,"0","Travel","Travel & Local","446185","4+",10000.00,10000.00
"Google Slides",9.0000000000000000,540000.0000000000000000,108000.0000000000000000,0.00,"0","Productivity","Productivity","9920","4+",10000.00,10000.00
"Google Street View",9.0000000000000000,540000.0000000000000000,108000.0000000000000000,0.00,"0","Travel","Travel & Local","1450","4+",10000.00,10000.00
"Google Translate",9.0000000000000000,540000.0000000000000000,108000.0000000000000000,0.00,"0","Reference","Tools","26786","4+",10000.00,10000.00
"Hangouts",9.0000000000000000,540000.0000000000000000,108000.0000000000000000,0.00,"0","Social Networking","Communication","36404","4+",10000.00,10000.00
"iFunny :)",9.0000000000000000,540000.0000000000000000,108000.0000000000000000,0.00,"0","Entertainment","Entertainment","98344","17+",10000.00,10000.00
"Infinite Painter",9.0000000000000000,540000.0000000000000000,108000.0000000000000000,0.00,"0","Productivity","Art & Design","65","4+",10000.00,10000.00
"Ingress",9.0000000000000000,540000.0000000000000000,108000.0000000000000000,0.00,"0","Games","Adventure","2739","9+",10000.00,10000.00
"King of Avalon: Dragon Warfare",9.0000000000000000,540000.0000000000000000,108000.0000000000000000,0.00,"0","Games","Strategy","3326","9+",10000.00,10000.00
"LEGO Batman: DC Super Heroes",9.0000000000000000,540000.0000000000000000,108000.0000000000000000,4.99,"4.99","Games","Adventure;Action & Adventure","7717","9+",49900.00,49900.00
"LEGO® Juniors Create & Cruise",9.0000000000000000,540000.0000000000000000,108000.0000000000000000,0.00,"0","Games","Educational;Action & Adventure","6152","4+",10000.00,10000.00
"MARVEL Avengers Academy",9.0000000000000000,540000.0000000000000000,108000.0000000000000000,0.00,"0","Games","Adventure","17376","9+",10000.00,10000.00
"My Little Pony: Harmony Quest",9.0000000000000000,540000.0000000000000000,108000.0000000000000000,0.00,"0","Entertainment","Casual;Action & Adventure","2265","4+",10000.00,10000.00
"NASCAR MOBILE",9.0000000000000000,540000.0000000000000000,108000.0000000000000000,0.00,"0","Sports","Sports","16385","4+",10000.00,10000.00
"NBA",9.0000000000000000,540000.0000000000000000,108000.0000000000000000,0.00,"0","Sports","Sports","43682","4+",10000.00,10000.00
"Netflix",9.0000000000000000,540000.0000000000000000,108000.0000000000000000,0.00,"0","Entertainment","Entertainment","308844","4+",10000.00,10000.00
"Peggle Blast",9.0000000000000000,540000.0000000000000000,108000.0000000000000000,0.00,"0","Games","Card","11528","9+",10000.00,10000.00
"Premier League - Official App",9.0000000000000000,540000.0000000000000000,108000.0000000000000000,0.00,"0","Sports","Sports","791","12+",10000.00,10000.00
"RISK: Global Domination",9.0000000000000000,540000.0000000000000000,108000.0000000000000000,0.00,"0","Games","Board;Action & Adventure","5217","9+",10000.00,10000.00
"slither.io",9.0000000000000000,540000.0000000000000000,108000.0000000000000000,0.00,"0","Games","Action","107817","4+",10000.00,10000.00
"Speedtest by Ookla",9.0000000000000000,540000.0000000000000000,108000.0000000000000000,0.00,"0","Utilities","Tools","65016","4+",10000.00,10000.00
"STARZ",9.0000000000000000,540000.0000000000000000,108000.0000000000000000,0.00,"0","Entertainment","Entertainment","8971","17+",10000.00,10000.00
"Storm Shield",9.0000000000000000,540000.0000000000000000,108000.0000000000000000,2.99,"0","Weather","Weather","2516","12+",29900.00,10000.00
"TED",9.0000000000000000,540000.0000000000000000,108000.0000000000000000,0.00,"0","Education","Education","5782","12+",10000.00,10000.00
"Tom's Love Letters",9.0000000000000000,540000.0000000000000000,108000.0000000000000000,0.00,"0","Entertainment","Entertainment","27711","4+",10000.00,10000.00
"Tom Loves Angela",9.0000000000000000,540000.0000000000000000,108000.0000000000000000,0.99,"0","Entertainment","Entertainment","1151","4+",10000.00,10000.00
"Twitter",9.0000000000000000,540000.0000000000000000,108000.0000000000000000,0.00,"0","News","News & Magazines","354058","17+",10000.00,10000.00
"UNO ™ & Friends",9.0000000000000000,540000.0000000000000000,108000.0000000000000000,0.00,"0","Games","Card","68911","9+",10000.00,10000.00
"VSCO",9.0000000000000000,540000.0000000000000000,108000.0000000000000000,0.00,"0","Photo & Video","Photography","11174","12+",10000.00,10000.00
"WatchESPN",9.0000000000000000,540000.0000000000000000,108000.0000000000000000,0.00,"0","Sports","Sports","159735","4+",10000.00,10000.00
"XCOM®: Enemy Within",9.0000000000000000,540000.0000000000000000,108000.0000000000000000,9.99,"9.99","Games","Strategy","2855","17+",99900.00,99900.00
"AnatomyMapp",8.5000000000000000,510000.0000000000000000,102000.0000000000000000,9.99,"14.99","Medical","Medical","23","4+",99900.00,149900.00
"Assassin's Creed Identity",8.5000000000000000,510000.0000000000000000,102000.0000000000000000,4.99,"1.99","Games","Action","3517","12+",49900.00,19900.00
"Citi Mobile®",8.5000000000000000,510000.0000000000000000,102000.0000000000000000,0.00,"0","Finance","Finance","48822","4+",10000.00,10000.00
"DB Navigator",8.5000000000000000,510000.0000000000000000,102000.0000000000000000,0.00,"0","Travel","Maps & Navigation","512","4+",10000.00,10000.00
"DIRECTV",8.5000000000000000,510000.0000000000000000,102000.0000000000000000,0.00,"0","Entertainment","Entertainment","81006","4+",10000.00,10000.00
"Don't Starve: Shipwrecked",8.5000000000000000,510000.0000000000000000,102000.0000000000000000,4.99,"4.99","Games","Adventure","495","9+",49900.00,49900.00
"Edmodo",8.5000000000000000,510000.0000000000000000,102000.0000000000000000,0.00,"0","Education","Education","7197","4+",10000.00,10000.00
"Facebook",8.5000000000000000,510000.0000000000000000,102000.0000000000000000,0.00,"0","Social Networking","Social","2974676","4+",10000.00,10000.00
"Geocaching®",8.5000000000000000,510000.0000000000000000,102000.0000000000000000,0.00,"0","Navigation","Health & Fitness","12811","4+",10000.00,10000.00
"I am Bread",8.5000000000000000,510000.0000000000000000,102000.0000000000000000,4.99,"4.99","Games","Adventure","1394","4+",49900.00,49900.00
"Just Dance Now",8.5000000000000000,510000.0000000000000000,102000.0000000000000000,0.00,"0","Games","Music","2535","4+",10000.00,10000.00
"Kids A-Z",8.5000000000000000,510000.0000000000000000,102000.0000000000000000,0.00,"0","Education","Education;Education","2887","4+",10000.00,10000.00
"LinkedIn",8.5000000000000000,510000.0000000000000000,102000.0000000000000000,0.00,"0","Social Networking","Social","71856","4+",10000.00,10000.00
"Mobile Strike",8.5000000000000000,510000.0000000000000000,102000.0000000000000000,0.00,"0","Games","Strategy","24935","12+",10000.00,10000.00
"NBC News",8.5000000000000000,510000.0000000000000000,102000.0000000000000000,0.00,"0","News","News & Magazines","32881","12+",10000.00,10000.00
"NHL",8.5000000000000000,510000.0000000000000000,102000.0000000000000000,0.00,"0","Sports","Sports","15554","4+",10000.00,10000.00
"Nick",8.5000000000000000,510000.0000000000000000,102000.0000000000000000,0.00,"0","Entertainment","Entertainment;Music & Video","13237","4+",10000.00,10000.00
"PBS KIDS Video",8.5000000000000000,510000.0000000000000000,102000.0000000000000000,0.00,"0","Education","Education;Music & Video","8651","4+",10000.00,10000.00
"Puffin Browser Pro",8.5000000000000000,510000.0000000000000000,102000.0000000000000000,3.99,"3.99","Utilities","Communication","7565","17+",39900.00,39900.00
"Timehop",8.5000000000000000,510000.0000000000000000,102000.0000000000000000,0.00,"0","Social Networking","Social","49510","4+",10000.00,10000.00
"Tinder",8.5000000000000000,510000.0000000000000000,102000.0000000000000000,0.00,"0","Lifestyle","Lifestyle","143040","17+",10000.00,10000.00
"Uber Driver",8.5000000000000000,510000.0000000000000000,102000.0000000000000000,0.00,"0","Business","Business","3289","4+",10000.00,10000.00
"Univision Deportes: Liga MX, MLS, Fútbol En Vivo",8.5000000000000000,510000.0000000000000000,102000.0000000000000000,0.00,"0","Sports","Sports","16683","4+",10000.00,10000.00
"USA TODAY",8.5000000000000000,510000.0000000000000000,102000.0000000000000000,0.00,"0","News","News & Magazines","61724","4+",10000.00,10000.00
"Wells Fargo Mobile",8.5000000000000000,510000.0000000000000000,102000.0000000000000000,0.00,"0","Finance","Finance","43064","4+",10000.00,10000.00
"Whataburger",8.5000000000000000,510000.0000000000000000,102000.0000000000000000,0.00,"0","Food & Drink","Food & Drink","197","4+",10000.00,10000.00
"YouNow: Live Stream Video Chat",8.5000000000000000,510000.0000000000000000,102000.0000000000000000,0.00,"0","Social Networking","Social","12079","12+",10000.00,10000.00
"Epson iPrint",8.0000000000000000,480000.0000000000000000,96000.0000000000000000,0.00,"0","Photo & Video","Tools","2838","4+",10000.00,10000.00
"Mad Libs",8.0000000000000000,480000.0000000000000000,96000.0000000000000000,0.00,"0","Entertainment","Entertainment;Brain Games","117889","4+",10000.00,10000.00
"Messenger",8.0000000000000000,480000.0000000000000000,96000.0000000000000000,0.00,"0","Social Networking","Social","351466","4+",10000.00,10000.00
"PAC-MAN",8.0000000000000000,480000.0000000000000000,96000.0000000000000000,0.00,"0","Games","Arcade","508808","4+",10000.00,10000.00
"Pokémon GO",8.0000000000000000,480000.0000000000000000,96000.0000000000000000,0.00,"0","Games","Adventure","257627","9+",10000.00,10000.00
"Redbox",8.0000000000000000,480000.0000000000000000,96000.0000000000000000,0.00,"0","Entertainment","Entertainment","60236","12+",10000.00,10000.00
"Sky News",8.0000000000000000,480000.0000000000000000,96000.0000000000000000,0.00,"0","News","News & Magazines","118","12+",10000.00,10000.00
"Southwest Airlines",8.0000000000000000,480000.0000000000000000,96000.0000000000000000,0.00,"0","Travel","Travel & Local","30552","4+",10000.00,10000.00
"Thomas & Friends: Race On!",8.0000000000000000,480000.0000000000000000,96000.0000000000000000,0.00,"0","Games","Casual;Action & Adventure","89","4+",10000.00,10000.00
"Uber",8.0000000000000000,480000.0000000000000000,96000.0000000000000000,0.00,"0","Travel","Maps & Navigation","49466","4+",10000.00,10000.00
"Battlefield™ Companion",7.5000000000000000,450000.0000000000000000,90000.0000000000000000,0.00,"0","Social Networking","Action","689","12+",10000.00,10000.00
"BET NOW - Watch Shows",7.5000000000000000,450000.0000000000000000,90000.0000000000000000,0.00,"0","Entertainment","Entertainment","967","17+",10000.00,10000.00
"Fly Delta",7.5000000000000000,450000.0000000000000000,90000.0000000000000000,0.00,"0","Travel","Travel & Local","8094","4+",10000.00,10000.00
"Google Play Movies & TV",7.5000000000000000,450000.0000000000000000,90000.0000000000000000,0.00,"0","Entertainment","Video Players & Editors","1195","12+",10000.00,10000.00
"H&M",7.5000000000000000,450000.0000000000000000,90000.0000000000000000,0.00,"0","Shopping","Lifestyle","687","4+",10000.00,10000.00
"MTV",7.5000000000000000,450000.0000000000000000,90000.0000000000000000,0.00,"0","Entertainment","Entertainment","5987","12+",10000.00,10000.00
"myAT&T",7.5000000000000000,450000.0000000000000000,90000.0000000000000000,0.00,"0","Utilities","Productivity","108507","4+",10000.00,10000.00
"NFL",7.5000000000000000,450000.0000000000000000,90000.0000000000000000,0.00,"0","Sports","Sports","27317","4+",10000.00,10000.00
"SHOWTIME",7.5000000000000000,450000.0000000000000000,90000.0000000000000000,0.00,"0","Entertainment","Entertainment","1214","17+",10000.00,10000.00
"Snapchat",7.5000000000000000,450000.0000000000000000,90000.0000000000000000,0.00,"0","Photo & Video","Social","323905","12+",10000.00,10000.00
"T-Mobile Tuesdays",7.5000000000000000,450000.0000000000000000,90000.0000000000000000,0.00,"0","Lifestyle","Lifestyle","3213","17+",10000.00,10000.00
"U by BB&T",7.5000000000000000,450000.0000000000000000,90000.0000000000000000,0.00,"0","Finance","Finance","790","4+",10000.00,10000.00
"NCAA Sports",7.0000000000000000,420000.0000000000000000,84000.0000000000000000,0.00,"0","Sports","Sports","636","4+",10000.00,10000.00
"Peppa Pig: Party Time",7.0000000000000000,420000.0000000000000000,84000.0000000000000000,0.99,"2.99","Education","Educational;Pretend Play","9","4+",10000.00,29900.00
"Super Mario Run",7.0000000000000000,420000.0000000000000000,84000.0000000000000000,0.00,"0","Games","Action","87958","4+",10000.00,10000.00
"United Airlines",7.0000000000000000,420000.0000000000000000,84000.0000000000000000,0.00,"0","Travel","Travel & Local","5748","4+",10000.00,10000.00
"AirWatch Agent",6.5000000000000000,390000.0000000000000000,78000.0000000000000000,0.00,"0","Business","Business","1150","4+",10000.00,10000.00
"McDonald's",6.5000000000000000,390000.0000000000000000,78000.0000000000000000,0.00,"0","Food & Drink","Food & Drink","4050","4+",10000.00,10000.00
"My College Bookstore",6.5000000000000000,390000.0000000000000000,78000.0000000000000000,0.00,"0","Shopping","Shopping","225","4+",10000.00,10000.00
"myChevrolet",6.5000000000000000,390000.0000000000000000,78000.0000000000000000,0.00,"0","Lifestyle","Lifestyle","1083","17+",10000.00,10000.00
"NBC Sports",6.5000000000000000,390000.0000000000000000,78000.0000000000000000,0.00,"0","Sports","Sports","47172","4+",10000.00,10000.00
"AMC",6.0000000000000000,360000.0000000000000000,72000.0000000000000000,0.00,"0","Entertainment","Entertainment","3105","12+",10000.00,10000.00
"SNCF",6.0000000000000000,360000.0000000000000000,72000.0000000000000000,0.00,"0","Travel","Travel & Local","7","4+",10000.00,10000.00
"Philips Hue",5.5000000000000000,330000.0000000000000000,66000.0000000000000000,0.00,"0","Lifestyle","Lifestyle","1999","4+",10000.00,10000.00
